Model,Accuracy,Precision,Recall,F1 Score,ROC AUC,Training Time (s)
Logistic Regression,0.6968253968253968,0.6867469879518072,0.7238095238095238,0.7047913446676971,0.7471680524061476,0.5546658039093018
Decision Tree,0.8539682539682539,0.8430769230769231,0.8698412698412699,0.85625,0.899251700680272,5.840822458267212
Random Forest,0.9293650793650794,0.9129770992366412,0.9492063492063492,0.930739299610895,0.9774174855127236,470.1357777118683
XGBoost,0.8984126984126984,0.906148867313916,0.8888888888888888,0.8974358974358975,0.8984126984126983,8.952532052993774
KNN,0.8341269841269842,0.758282208588957,0.9809523809523809,0.855363321799308,0.8341269841269842,0.0507349967956543
